identifiant materiel;designation;precision;mac;marque;numero de serie;code barre usmb;os;annee;commentaire;localisation;statut;notes
Ec_1;Ecran;;;DELL;HDXNFZ2;;;;;;stocke;"Import Excel 26062026 ligne materiels 2 ; disponible_excel=0"
A_1;Clavier;;;DELL;;;;;;;stocke;"Import Excel 26062026 ligne materiels 3 ; disponible_excel=0"
A_2;Souris;;;DELL;;;;;;;stocke;"Import Excel 26062026 ligne materiels 4 ; disponible_excel=0"
OP_1;Ordinateur portable;;F4-30-B9-18-41-6C;HP;L4QI9AV;;W;;;;stocke;"Import Excel 26062026 ligne materiels 5 ; disponible_excel=0"
A_3;Clavier;;;DELL;;;;;;;stocke;"Import Excel 26062026 ligne materiels 6 ; disponible_excel=0"
A_4;Souris;;;;;;;;;;stocke;"Import Excel 26062026 ligne materiels 7 ; disponible_excel=0"
Ec_2;Ecran;;;DELL;143F292;;;;;;stocke;"Import Excel 26062026 ligne materiels 8 ; disponible_excel=0"
OP_2;Ordinateur portable;;;HP;5CG2433B1B;;;;;;stocke;"Import Excel 26062026 ligne materiels 9 ; disponible_excel=0"
A_5;Souris;;;Cherry;00000610-I23;;;;;;stocke;"Import Excel 26062026 ligne materiels 10 ; disponible_excel=0"
A_6;Clavier;;;Cherry;00000610-I23;;;;;;stocke;"Import Excel 26062026 ligne materiels 11 ; disponible_excel=0"
A_7;Tablette graphique;;;Wacom;0KH00U2014292;;;;;;stocke;"Import Excel 26062026 ligne materiels 12 ; disponible_excel=0"
A_8;Casque audio;;;Jabra;;;;;;;stocke;"Import Excel 26062026 ligne materiels 13 ; disponible_excel=0"
OP_3;Ordinateur portable;;38-14-28-AA-FE-BD;DELL;D00QXD3;;W;;;;stocke;"Import Excel 26062026 ligne materiels 14 ; disponible_excel=0"
Ec_3;Ecran;;;Philips;UK0A2128015007;;;;;;stocke;"Import Excel 26062026 ligne materiels 15 ; disponible_excel=0"
A_9;Clavier;;;Logitech;;;;;;;stocke;"Import Excel 26062026 ligne materiels 16 ; disponible_excel=0"
A_10;Souris;;;Logitech;;;;;;;stocke;"Import Excel 26062026 ligne materiels 17 ; disponible_excel=0"
SA_1;Station d'accueil;;98-E7-43-36-3C-92;DELL;GM9TN03;;;;;;stocke;"Import Excel 26062026 ligne materiels 18 ; disponible_excel=0"
A_11;Casque audio;;;Logitech;;;;;;;stocke;"Import Excel 26062026 ligne materiels 19 ; disponible_excel=0"
OP_4;Ordinateur portable;;;DELL;G71TYY2;;;;;;stocke;"Import Excel 26062026 ligne materiels 20 ; disponible_excel=0"
A_12;Disque dur;1 TO;;Freecom;;;;;;;stocke;"Import Excel 26062026 ligne materiels 21 ; disponible_excel=0"
A_13;Disque dur;500 GO;;Western Digital;WX71A16NCYSP;;;;;;stocke;"Import Excel 26062026 ligne materiels 22 ; disponible_excel=0"
A_14;Tablette graphique;;;Wacom;OHHOOU2012939;;;;;;stocke;"Import Excel 26062026 ligne materiels 23 ; disponible_excel=0"
OP_5;Ordinateur portable;Precision 5530;;DELL;;;;;;;stocke;"Import Excel 26062026 ligne materiels 24 ; disponible_excel=0"
SA_2;Station d'accueil;;3C-2C-30-CB-36-1E;DELL;;;;;;;stocke;"Import Excel 26062026 ligne materiels 25 ; disponible_excel=0"
OP_6;Ordinateur portable;;C0-18-03-38-D0-E7;HP;26D60AV;;;;;;stocke;"Import Excel 26062026 ligne materiels 26 ; disponible_excel=0"
SA_3;Station d'accueil;;84-3A-5B-D0-73-E2;HP;;;;;;;stocke;"Import Excel 26062026 ligne materiels 27 ; disponible_excel=0"
Ec_4;Ecran;;;DELL;BX17J43;;;;;;stocke;"Import Excel 26062026 ligne materiels 28 ; disponible_excel=0"
Ec_5;Ecran;;;Flatron;;;;;;;stocke;"Import Excel 26062026 ligne materiels 29 ; disponible_excel=0"
A_15;Clavier;;;Logitech;;;;;;;stocke;"Import Excel 26062026 ligne materiels 30 ; disponible_excel=0"
A_16;Souris;;;Logitech;;;;;;;stocke;"Import Excel 26062026 ligne materiels 31 ; disponible_excel=0"
A_17;Disque dur;1.5 TO;;LACIE;;;;;;;stocke;"Import Excel 26062026 ligne materiels 32 ; disponible_excel=0"
OP_7;Ordinateur portable;;;HP;5CD6218VJN;;;;;;stocke;"Import Excel 26062026 ligne materiels 33 ; disponible_excel=0"
OP_8;Ordinateur portable;;;DELL;7R8X4S1;;;;;;stocke;"Import Excel 26062026 ligne materiels 34 ; disponible_excel=0"
A_18;Casque audio;;;JABRA;;;;;;;stocke;"Import Excel 26062026 ligne materiels 35 ; disponible_excel=0"
OP_9;Ordinateur portable;;38-F9-D3-E3-BF-02 (wifi);Apple;C02YT3PALVCJ;;;;;;stocke;"Import Excel 26062026 ligne materiels 36 ; disponible_excel=0"
OP_10;Ordinateur portable;;00-05-9A-3C-7A-00;DELL;9N781T3;;W;;;;stocke;"Import Excel 26062026 ligne materiels 37 ; disponible_excel=0"
Ec_6;Ecran;;;DELL;2MWBXM3;;;;;;stocke;"Import Excel 26062026 ligne materiels 38 ; disponible_excel=0"
A_19;Clavier;;;Apple;;;;;;;stocke;"Import Excel 26062026 ligne materiels 39 ; disponible_excel=0"
A_20;Souris;;;Logitech;;;;;;;stocke;"Import Excel 26062026 ligne materiels 40 ; disponible_excel=0"
A_21;Disque dur;1 TO;;LACIE;;;;;;;stocke;"Import Excel 26062026 ligne materiels 41 ; disponible_excel=0"
A_22;Souris;;;DELL;;;;;;;stocke;"Import Excel 26062026 ligne materiels 42 ; disponible_excel=0"
A_23;Clavier;;;DELL;;;;;;;stocke;"Import Excel 26062026 ligne materiels 43 ; disponible_excel=0"
A_24;Casque audio;;;Jabra;;;;;;;stocke;"Import Excel 26062026 ligne materiels 44 ; disponible_excel=0"
OP_11;Ordinateur portable;;50-81-40-A2-33-64;HP;53N38EC#ABF;;W;;;;stocke;"Import Excel 26062026 ligne materiels 45 ; disponible_excel=0"
Ec_7;Ecran;;;DELL;FJNXNB2;;;;;;stocke;"Import Excel 26062026 ligne materiels 46 ; disponible_excel=0"
Ec_8;Ecran;;;DELL;72DBCJ2;;;;;;stocke;"Import Excel 26062026 ligne materiels 47 ; disponible_excel=0"
A_25;Clavier;;;Logitech;;;;;;;stocke;"Import Excel 26062026 ligne materiels 48 ; disponible_excel=0"
A_26;Souris;;;DACOMEX;;;;;;;stocke;"Import Excel 26062026 ligne materiels 49 ; disponible_excel=0"
A_27;Clé USB;2 GO;;;;;;;;;stocke;"Import Excel 26062026 ligne materiels 50 ; disponible_excel=0"
A_28;Clé USB;8 GO;;;;;;;;;stocke;"Import Excel 26062026 ligne materiels 51 ; disponible_excel=0"
A_29;Hub connectique;;;HP;1CP2215BJF;;;;;;stocke;"Import Excel 26062026 ligne materiels 52 ; disponible_excel=0"
A_30;Disque dur;1 TO;;LACIE;;;;;;;stocke;"Import Excel 26062026 ligne materiels 53 ; disponible_excel=0"
OF_1;Ordinateur fixe;;B8-85-84-98-C0-74;DELL;GB9VNR2;;W;;;;stocke;"Import Excel 26062026 ligne materiels 54 ; disponible_excel=0"
Ec_9;Ecran;;;DELL;CN177N2;;;;;;stocke;"Import Excel 26062026 ligne materiels 55 ; disponible_excel=0"
Ec_10;Ecran;;;DELL;39XJNM2;;;;;;stocke;"Import Excel 26062026 ligne materiels 56 ; disponible_excel=0"
Ec_11;Ecran;;;DELL;3CN0Y13;;;;;;stocke;"Import Excel 26062026 ligne materiels 57 ; disponible_excel=0"
Ec_12;Ecran;;;DELL;8TFGWN3;;;;;;stocke;"Import Excel 26062026 ligne materiels 58 ; disponible_excel=0"
A_31;Clavier;;;DELL;;;;;;;stocke;"Import Excel 26062026 ligne materiels 59 ; disponible_excel=0"
A_32;Souris;;;DELL;;;;;;;stocke;"Import Excel 26062026 ligne materiels 60 ; disponible_excel=0"
OP_12;Ordinateur portable;;;DELL;5QNWHW3;;;;;;stocke;"Import Excel 26062026 ligne materiels 61 ; disponible_excel=0"
SA_4;Station d'accueil;;;;524JCD3;;;;;;stocke;"Import Excel 26062026 ligne materiels 62 ; disponible_excel=0"
A_33;Souris;;;DELL;;;;;;;stocke;"Import Excel 26062026 ligne materiels 63 ; disponible_excel=0"
A_34;Casque audio;;;Logitech;;;;;;;stocke;"Import Excel 26062026 ligne materiels 64 ; disponible_excel=0"
A_35;Disque dur;2 TO;;Western Digital;;;;;;;stocke;"Import Excel 26062026 ligne materiels 65 ; disponible_excel=0"
OP_13;Ordinateur portable;Latitude 5480;;DELL;FNDV2M2;;W;;;;stocke;"Import Excel 26062026 ligne materiels 66 ; disponible_excel=0"
OF_2;Ordinateur fixe;;;DELL;488M45J;;W;;;;stocke;"Import Excel 26062026 ligne materiels 67 ; disponible_excel=0"
A_36;Souris;;;DELL;;;;;;;stocke;"Import Excel 26062026 ligne materiels 68 ; disponible_excel=0"
Ec_13;Ecran;;;HP;3CQ2120YHC;;;;;;stocke;"Import Excel 26062026 ligne materiels 69 ; disponible_excel=0"
Ec_14;Ecran;;;DELL;98TMRM3;;;;;;stocke;"Import Excel 26062026 ligne materiels 70 ; disponible_excel=0"
Ec_15;Ecran;;;DELL;9BS22Y2;;;;;;stocke;"Import Excel 26062026 ligne materiels 71 ; disponible_excel=0"
A_37;Souris;;;DELL;;;;;;;stocke;"Import Excel 26062026 ligne materiels 72 ; disponible_excel=0"
A_38;Clavier;;;DELL;;;;;;;stocke;"Import Excel 26062026 ligne materiels 73 ; disponible_excel=0"
OF_3;Ordinateur fixe;;98-90-96-9f-e6-B5;DELL;JZR9642;;Linux;;;;stocke;"Import Excel 26062026 ligne materiels 74 ; disponible_excel=0"
OP_14;Ordinateur portable;;CC-96-E5-E0-94-B9;DELL;CLNWTT3;;Linux;;;;stocke;"Import Excel 26062026 ligne materiels 75 ; disponible_excel=0"
Ec_16;Ecran;;;DELL;;;;;;;stocke;"Import Excel 26062026 ligne materiels 76 ; disponible_excel=0"
Ec_17;Ecran;;;DELL;5CGTCH3;;;;;;stocke;"Import Excel 26062026 ligne materiels 77 ; disponible_excel=0"
SA_5;Station d'accueil;;;DELL;6YZJN03;;;;;;stocke;"Import Excel 26062026 ligne materiels 78 ; disponible_excel=1"
A_39;Clavier;;;DELL;;;;;;;stocke;"Import Excel 26062026 ligne materiels 79 ; disponible_excel=1"
A_40;Souris;;;DELL;;;;;;;stocke;"Import Excel 26062026 ligne materiels 80 ; disponible_excel=1"
A_41;Disque dur;Capacité 1TO;;LACIE;;;;;;;stocke;"Import Excel 26062026 ligne materiels 81 ; disponible_excel=0"
OP_15;Ordinateur portable;Précision 5570;CC-96-E5-D5-16-E0;DELL;3NVZ1T3;;W11;2019;;;stocke;"Import Excel 26062026 ligne materiels 82 ; disponible_excel=0"
Ec_18;Ecran;;;DELL;J9CY1M3;;;;;;stocke;"Import Excel 26062026 ligne materiels 83 ; disponible_excel=1"
A_42;Clavier;;;DELL;;;;;;;stocke;"Import Excel 26062026 ligne materiels 84 ; disponible_excel=1"
SA_6;Station d'accueil;;;DELL;HYM15S3;;;;;;stocke;"Import Excel 26062026 ligne materiels 85 ; disponible_excel=1"
A_43;Hub connectique;;;DELL;;;;;;;stocke;"Import Excel 26062026 ligne materiels 86 ; disponible_excel=1"
A_44;Clavier;;;DELL;;;;;;;stocke;"Import Excel 26062026 ligne materiels 87 ; disponible_excel=0"
A_45;Disque dur;Capacité: 2 TO;;LACIE;;;;;;;stocke;"Import Excel 26062026 ligne materiels 88 ; disponible_excel=0"
A_46;Disque dur;Capacité: 5 TO;;LACIE;;;;;;;stocke;"Import Excel 26062026 ligne materiels 89 ; disponible_excel=0"
OP_16;Ordinateur portable;;B4-45-06-24-AC-CB;DELL;;;W;;;;stocke;"Import Excel 26062026 ligne materiels 90 ; disponible_excel=0"
A_47;Clavier;;;DELL;;;;;;;stocke;"Import Excel 26062026 ligne materiels 91 ; disponible_excel=1"
A_48;Souris;;;DELL;;;;;;;stocke;"Import Excel 26062026 ligne materiels 92 ; disponible_excel=1"
A_49;Clé USB;;;;;;;;;;stocke;"Import Excel 26062026 ligne materiels 93 ; disponible_excel=0"
OP_17;Ordinateur portable;;74-78-27-57-32-F4;DELL;8FZ8DB3;;W;;;;stocke;"Import Excel 26062026 ligne materiels 94 ; disponible_excel=0"
A_50;Clavier;;;Logitech;;;;;;;stocke;"Import Excel 26062026 ligne materiels 95 ; disponible_excel=0"
A_51;Souris;;;DELL;;;;;;;stocke;"Import Excel 26062026 ligne materiels 96 ; disponible_excel=0"
Ec_19;Ecran;;;DELL;;;;;;;stocke;"Import Excel 26062026 ligne materiels 97 ; disponible_excel=0"
OP_18;Ordinateur portable;;CC-96-E5-D5-16-14;DELL;CMVZ1T3;;W;;;;stocke;"Import Excel 26062026 ligne materiels 98 ; disponible_excel=0"
SA_7;Station d'accueil;;;DELL;8B625S3;;;;;;stocke;"Import Excel 26062026 ligne materiels 99 ; disponible_excel=1"
A_52;Clavier;;;DELL;;;;;;;stocke;"Import Excel 26062026 ligne materiels 100 ; disponible_excel=1"
A_53;Souris;;;DELL;;;;;;;stocke;"Import Excel 26062026 ligne materiels 101 ; disponible_excel=1"
Ec_20;Ecran;;;DELL;2QB1YM3;;;;;;stocke;"Import Excel 26062026 ligne materiels 102 ; disponible_excel=1"
A_54;Hub connectique;;;DELL;;;;;;;stocke;"Import Excel 26062026 ligne materiels 103 ; disponible_excel=0"
OP_19;Ordinateur portable;;8C-04-BA-3D-BE-DF;DELL;;;W;;;;stocke;"Import Excel 26062026 ligne materiels 104 ; disponible_excel=1"
OP_20;Ordinateur portable;;;Apple;C02ZT0UWLVDM;;IOS;;;;stocke;"Import Excel 26062026 ligne materiels 105 ; disponible_excel=0"
Ec_21;Ecran;;;DELL;2CF28R2;;;;;;stocke;"Import Excel 26062026 ligne materiels 106 ; disponible_excel=0"
A_55;Tablette type IPad;;;Apple;MP7JQW3XH9;;;;;;stocke;"Import Excel 26062026 ligne materiels 107 ; disponible_excel=0"
OP_21;Ordinateur portable;;08-92-04-96-61-8C;DELL;JT6XT03;;W;;;;stocke;"Import Excel 26062026 ligne materiels 108 ; disponible_excel=0"
Ec_22;Ecran;;;DELL;4X7H6R2;;;;;;stocke;"Import Excel 26062026 ligne materiels 109 ; disponible_excel=0"
Ec_23;Ecran;;;DELL;3K3H5H3;;;;;;stocke;"Import Excel 26062026 ligne materiels 110 ; disponible_excel=0"
A_56;Clavier;;;Microsoft;;;;;;;stocke;"Import Excel 26062026 ligne materiels 111 ; disponible_excel=0"
A_57;Souris;;;Logitech;;;;;;;stocke;"Import Excel 26062026 ligne materiels 112 ; disponible_excel=0"
SA_8;Station d'accueil;;;DELL;D20Q5Q3;;;;;;stocke;"Import Excel 26062026 ligne materiels 113 ; disponible_excel=0"
A_58;Hub connectique;;;Targus;;;;;;;stocke;"Import Excel 26062026 ligne materiels 114 ; disponible_excel=0"
A_59;Disque dur;Capacité: 1 TO;;Lacie;;;;;;;stocke;"Import Excel 26062026 ligne materiels 115 ; disponible_excel=0"
A_60;Casque audio;;;Jabra;;;;;;;stocke;"Import Excel 26062026 ligne materiels 116 ; disponible_excel=0"
SA_9;Station d'accueil;;;DELL;;;;;;;stocke;"Import Excel 26062026 ligne materiels 117 ; disponible_excel=0"
OP_22;Ordinateur portable;;4C-D7-17-53-F0-22;DELL;742QHX3;;W;;;;stocke;"Import Excel 26062026 ligne materiels 118 ; disponible_excel=0"
Ec_24;Ecran;;;DELL;3TB6PW3;;;;;;stocke;"Import Excel 26062026 ligne materiels 119 ; disponible_excel=0"
A_61;Clavier;;;DELL;;;;;;;stocke;"Import Excel 26062026 ligne materiels 120 ; disponible_excel=0"
A_62;Souris;;;DELL;;;;;;;stocke;"Import Excel 26062026 ligne materiels 121 ; disponible_excel=0"
SA_10;Station d'accueil;;;DELL;HSDDHY3;;;;;;stocke;"Import Excel 26062026 ligne materiels 122 ; disponible_excel=0"
A_63;Disque dur;Capacité: 14 TO;;Lacie;NL6C73R6;;;;;;stocke;"Import Excel 26062026 ligne materiels 123 ; disponible_excel=0"
A_64;Souris;;;DELL;;;;;;;stocke;"Import Excel 26062026 ligne materiels 124 ; disponible_excel=0"
SA_11;Station d'accueil;;;DELL;524JCD3;;;;;;stocke;"Import Excel 26062026 ligne materiels 125 ; disponible_excel=0"
A_65;Hub connectique;;;DELL;;;;;;;stocke;"Import Excel 26062026 ligne materiels 126 ; disponible_excel=0"
OP_23;Ordinateur portable;;98-E7-43-EA-22-62;DELL;3ZPFYY2;;W;;;;stocke;"Import Excel 26062026 ligne materiels 127 ; disponible_excel=0"
Ec_25;Ecran;;;DELL;4YBLJ03;;;;;;stocke;"Import Excel 26062026 ligne materiels 128 ; disponible_excel=0"
SA_12;Station d'accueil;;;DELL;DXX7363;;;;;;stocke;"Import Excel 26062026 ligne materiels 129 ; disponible_excel=0"
A_66;Clé USB;Capacité: 1GO;;;;;;;;;stocke;"Import Excel 26062026 ligne materiels 130 ; disponible_excel=0"
OP_24;Ordinateur portable;;34-48-ED-A7-1B-8E;DELL;4945M13;;W;;;;stocke;"Import Excel 26062026 ligne materiels 131 ; disponible_excel=0"
A_67;Clavier;;;DELL;;;;;;;stocke;"Import Excel 26062026 ligne materiels 132 ; disponible_excel=0"
Ec_26;Ecran;;;DELL;GG0QBH3;;;;;;stocke;"Import Excel 26062026 ligne materiels 133 ; disponible_excel=0"
SA_13;Station d'accueil;;;DELL;2XFM263;;;;;;stocke;"Import Excel 26062026 ligne materiels 134 ; disponible_excel=0"
OF_4;Ordinateur fixe;;;DELL;7W522V3;;;;;;stocke;"Import Excel 26062026 ligne materiels 135 ; disponible_excel=0"
A_68;Souris;;;DELL;;;;;;;stocke;"Import Excel 26062026 ligne materiels 136 ; disponible_excel=0"
OP_25;Ordinateur portable;;;HP;5CD342499N;;;;;;stocke;"Import Excel 26062026 ligne materiels 137 ; disponible_excel=0"
A_69;Clavier;;;DELL;;;;;;;stocke;"Import Excel 26062026 ligne materiels 138 ; disponible_excel=0"
A_70;Clavier;;;DELL;;;;;;;stocke;"Import Excel 26062026 ligne materiels 139 ; disponible_excel=0"
OF_5;Ordinateur fixe;;CC-48-3A-A8-EC-72;DELL;JRGR373;;W;;;;stocke;"Import Excel 26062026 ligne materiels 140 ; disponible_excel=0"
SA_14;Station d'accueil;;;DELL;9BTR263;;;;;;stocke;"Import Excel 26062026 ligne materiels 141 ; disponible_excel=0"
A_71;Hub connectique;;;PortConnect;;;;;;;stocke;"Import Excel 26062026 ligne materiels 142 ; disponible_excel=0"
A_72;Clavier;;;Cherry;;;;;;;stocke;"Import Excel 26062026 ligne materiels 143 ; disponible_excel=0"
Ec_27;Ecran;;;Benq;;;;;;;stocke;"Import Excel 26062026 ligne materiels 144 ; disponible_excel=0"
A_73;Tablette graphique;;;Wacom;;;;;;;stocke;"Import Excel 26062026 ligne materiels 145 ; disponible_excel=0"
A_74;Hauts parleurs type Jabra;;;Jabra;;;;;;;stocke;"Import Excel 26062026 ligne materiels 146 ; disponible_excel=0"
A_75;Hauts parleurs type stereo;;;DELL;;;;;;;stocke;"Import Excel 26062026 ligne materiels 147 ; disponible_excel=0"
OP_26;Ordinateur portable;;08-92-04-2B-30-21;DELL;1TBXKL3;;W;;;;stocke;"Import Excel 26062026 ligne materiels 148 ; disponible_excel=0"
Ec_28;Ecran;;;IIYAMA;;;;;;;stocke;"Import Excel 26062026 ligne materiels 149 ; disponible_excel=0"
A_76;Clavier;;;DELL;;;;;;;stocke;"Import Excel 26062026 ligne materiels 150 ; disponible_excel=0"
A_77;Souris;;;LENOVO;;;;;;;stocke;"Import Excel 26062026 ligne materiels 151 ; disponible_excel=0"
SA_15;Station d'accueil;;;DELL;916W4Q3;;;;;;stocke;"Import Excel 26062026 ligne materiels 152 ; disponible_excel=0"
A_78;Clé USB;Capacité: 2GO;;Locie;;;;;;;stocke;"Import Excel 26062026 ligne materiels 153 ; disponible_excel=0"
A_79;Casque audio;;;Bose;;;;;;;stocke;"Import Excel 26062026 ligne materiels 154 ; disponible_excel=0"
OP_27;Ordinateur portable;;10-65-30-C1-E2-7E;DELL;B4DBVP2;;W;;;;stocke;"Import Excel 26062026 ligne materiels 155 ; disponible_excel=0"
Ec_29;Ecran;;;DELL;2QBLJ03;;;;;;stocke;"Import Excel 26062026 ligne materiels 156 ; disponible_excel=0"
Ec_30;Ecran;;;DELL;3NBLJ03;;;;;;stocke;"Import Excel 26062026 ligne materiels 157 ; disponible_excel=0"
A_80;Clavier;;;Logitech;;;;;;;stocke;"Import Excel 26062026 ligne materiels 158 ; disponible_excel=0"
A_81;Souris;;;Microsoft;;;;;;;stocke;"Import Excel 26062026 ligne materiels 159 ; disponible_excel=0"
SA_16;Station d'accueil;;C0-3E-BA-3C-6A-5F;DELL;5W7Y263;;;;;;stocke;"Import Excel 26062026 ligne materiels 160 ; disponible_excel=0"
A_82;Disque dur;Capacité: 1TO;;Lacie;;;;;;;stocke;"Import Excel 26062026 ligne materiels 161 ; disponible_excel=0"
A_83;Casque audio;;;Logitech;;;;;;;stocke;"Import Excel 26062026 ligne materiels 162 ; disponible_excel=0"
OP_28;Ordinateur portable;;10-65-30-8B-D3-B9;DELL;1RMPNN2;;W;;;;stocke;"Import Excel 26062026 ligne materiels 163 ; disponible_excel=0"
Ec_31;Ecran;;;LG;;;;;;;stocke;"Import Excel 26062026 ligne materiels 164 ; disponible_excel=0"
Ec_32;Ecran;;;DELL;2Q17J43;;;;;;stocke;"Import Excel 26062026 ligne materiels 165 ; disponible_excel=0"
A_84;Souris;;;HP;;;;;;;stocke;"Import Excel 26062026 ligne materiels 166 ; disponible_excel=0"
A_85;Clavier;;;DELL;;;;;;;stocke;"Import Excel 26062026 ligne materiels 167 ; disponible_excel=0"
A_86;Casque audio;;;Logitech;;;;;;;stocke;"Import Excel 26062026 ligne materiels 168 ; disponible_excel=0"
SA_17;Station d'accueil;;;DELL;;;;;;;stocke;"Import Excel 26062026 ligne materiels 169 ; disponible_excel=0"
A_87;Hub connectique;;;Itec;;;;;;;stocke;"Import Excel 26062026 ligne materiels 170 ; disponible_excel=0"
OP_29;Ordinateur portable;;7C-4D-8F-3E-2B-01;HP;5CG306431J;;W;;;;stocke;"Import Excel 26062026 ligne materiels 171 ; disponible_excel=0"
Ec_33;Ecran;;;DELL;;;;;;;stocke;"Import Excel 26062026 ligne materiels 172 ; disponible_excel=0"
Ec_34;Ecran;;;DELL;;;;;;;stocke;"Import Excel 26062026 ligne materiels 173 ; disponible_excel=0"
Ec_35;Ecran;;;DELL;;;;;;;stocke;"Import Excel 26062026 ligne materiels 174 ; disponible_excel=0"
A_88;Clavier;;;DELL;;;;;;;stocke;"Import Excel 26062026 ligne materiels 175 ; disponible_excel=0"
A_89;Souris;;;DELL;;;;;;;stocke;"Import Excel 26062026 ligne materiels 176 ; disponible_excel=0"
SA_18;Station d'accueil;;84-3A-5B-C8-B2-AD;HP;N28963;;;;;;stocke;"Import Excel 26062026 ligne materiels 177 ; disponible_excel=0"
A_90;Tablette graphique;;;Wacom;;;;;;;stocke;"Import Excel 26062026 ligne materiels 178 ; disponible_excel=0"
A_91;Casque audio;;;Logitech;;;;;;;stocke;"Import Excel 26062026 ligne materiels 179 ; disponible_excel=0"
OP_30;Ordinateur portable;;;DELL;4K13R73;;W;;;;stocke;"Import Excel 26062026 ligne materiels 180 ; disponible_excel=0"
OP_31;Ordinateur portable;;;HP;;;;;;;stocke;"Import Excel 26062026 ligne materiels 181 ; disponible_excel=0"
SA_19;Station d'accueil;;C0-3E-BA-37-18-4E;DELL;4C8T263;;;;;;stocke;"Import Excel 26062026 ligne materiels 182 ; disponible_excel=0"
A_92;Tablette graphique;;;XP-PEN;;;;;;;stocke;"Import Excel 26062026 ligne materiels 183 ; disponible_excel=0"
A_93;Tablette type IPad;;;DELL;;;;;;;stocke;"Import Excel 26062026 ligne materiels 184 ; disponible_excel=0"
A_94;Disque dur;Capacité: 1 TO;;Lacie;;;;;;;stocke;"Import Excel 26062026 ligne materiels 185 ; disponible_excel=0"
A_95;Disque dur;Capacité: 1 TO;;Western Digital;;;;;;;stocke;"Import Excel 26062026 ligne materiels 186 ; disponible_excel=0"
A_96;Casque audio;;;Logitech;;;;;;;stocke;"Import Excel 26062026 ligne materiels 187 ; disponible_excel=0"
A_97;Clavier;;;DELL;;;;;;;stocke;"Import Excel 26062026 ligne materiels 188 ; disponible_excel=0"
A_98;Souris;;;DELL;;;;;;;stocke;"Import Excel 26062026 ligne materiels 189 ; disponible_excel=0"
A_99;Disque dur;Capacité: 2 TO;;Lacie;;;;;;;stocke;"Import Excel 26062026 ligne materiels 190 ; disponible_excel=0"
OP_32;Ordinateur portable;;34-73-5A-E4-FC-42;DELL;H5NY0B3;;W;;;;stocke;"Import Excel 26062026 ligne materiels 191 ; disponible_excel=0"
Ec_36;Ecran;;;DELL;67QQSC3;;;;;;stocke;"Import Excel 26062026 ligne materiels 192 ; disponible_excel=0"
A_100;Clavier;;;DELL;;;;;;;stocke;"Import Excel 26062026 ligne materiels 193 ; disponible_excel=0"
A_101;Souris;;;DELL;;;;;;;stocke;"Import Excel 26062026 ligne materiels 194 ; disponible_excel=0"
SA_20;Station d'accueil;;60-18-95-0D-08-2E;DELL;4B83CB3;;;;;;stocke;"Import Excel 26062026 ligne materiels 195 ; disponible_excel=0"
Ec_37;Ecran;;;DELL;;;;;;;stocke;"Import Excel 26062026 ligne materiels 196 ; disponible_excel=0"
A_102;Disque dur;;;WD;;;;;;;stocke;"Import Excel 26062026 ligne materiels 197 ; disponible_excel=0"
A_103;Hub connectique;;;TP Link;;;;;;;stocke;"Import Excel 26062026 ligne materiels 198 ; disponible_excel=0"
OP_33;Ordinateur portable;;A4-4C-C8-47-7C-95;DELL;2GGVMH2;;W;;;;stocke;"Import Excel 26062026 ligne materiels 199 ; disponible_excel=0"
Ec_38;Ecran;;;DELL;11W3093;;;;;;stocke;"Import Excel 26062026 ligne materiels 200 ; disponible_excel=0"
A_104;Hub connectique;;;DELL;;;;;;;stocke;"Import Excel 26062026 ligne materiels 201 ; disponible_excel=0"
A_105;Souris;;;DELL;;;;;;;stocke;"Import Excel 26062026 ligne materiels 202 ; disponible_excel=0"
A_106;Clavier;;;DELL;;;;;;;stocke;"Import Excel 26062026 ligne materiels 203 ; disponible_excel=0"
A_107;Tablette graphique;;;Wacom;;;;;;;stocke;"Import Excel 26062026 ligne materiels 204 ; disponible_excel=0"
A_108;Casque audio;;;Jabra;;;;;;;stocke;"Import Excel 26062026 ligne materiels 205 ; disponible_excel=0"
OP_34;Ordinateur portable;EliteBook 840 G10;;HP;SCG3422LR3;;;;;;stocke;"Import Excel 26062026 ligne materiels 206 ; disponible_excel=0"
SA_21;Station d'accueil;;C0-3E-BA-3C-83-99;DELL;BHX1363;;;;;;stocke;"Import Excel 26062026 ligne materiels 207 ; disponible_excel=0"
A_109;Souris;;;DELL;;;;;;;stocke;"Import Excel 26062026 ligne materiels 208 ; disponible_excel=0"
OP_35;Ordinateur portable;;58-8A-5A-FF-D3-0C;DELL;7JZ8FH2;;W;;;;stocke;"Import Excel 26062026 ligne materiels 209 ; disponible_excel=0"
Ec_39;Ecran;;;DELL;;;;;;;stocke;"Import Excel 26062026 ligne materiels 210 ; disponible_excel=0"
A_110;Clavier;;;DELL;;;;;;;stocke;"Import Excel 26062026 ligne materiels 211 ; disponible_excel=0"
A_111;Souris;;;Logitech;;;;;;;stocke;"Import Excel 26062026 ligne materiels 212 ; disponible_excel=0"
Ec_40;Ecran;;;DELL;;;;;;;stocke;"Import Excel 26062026 ligne materiels 213 ; disponible_excel=0"
A_112;Souris;;;DELL;;;;;;;stocke;"Import Excel 26062026 ligne materiels 214 ; disponible_excel=0"
A_113;Clavier;;;DELL;;;;;;;stocke;"Import Excel 26062026 ligne materiels 215 ; disponible_excel=0"
OP_36;Ordinateur portable;;AC-91-A1-6D-38-CB;;6V0KY04;;Ubuntu;;;;stocke;"Import Excel 26062026 ligne materiels 216 ; disponible_excel=0"
Ec_41;Ecran;;;Samsung;;;;;;;stocke;"Import Excel 26062026 ligne materiels 217 ; disponible_excel=0"
OP_37;Ordinateur portable;;;DELL;3QD7K13;;W;;;;stocke;"Import Excel 26062026 ligne materiels 218 ; disponible_excel=0"
OP_38;Ordinateur portable;;;DELL;C6QRN13;;W;;;;stocke;"Import Excel 26062026 ligne materiels 219 ; disponible_excel=0"
SA_22;Station d'accueil;;34-48-ED-AD-8C-DD;DELL;WD19TD;;;;;;stocke;"Import Excel 26062026 ligne materiels 220 ; disponible_excel=0"
Ec_42;Ecran;;;DELL;;;;;;;stocke;"Import Excel 26062026 ligne materiels 221 ; disponible_excel=0"
Ec_43;Ecran;;;DELL;CBPMF22;;;;;;stocke;"Import Excel 26062026 ligne materiels 222 ; disponible_excel=0"
A_114;Disque dur;;;LACIE;;;;;;;stocke;"Import Excel 26062026 ligne materiels 223 ; disponible_excel=0"
A_115;Disque dur;;;LACIE;;;;;;;stocke;"Import Excel 26062026 ligne materiels 224 ; disponible_excel=0"
A_116;Clavier;;;DELL;;;;;;;stocke;"Import Excel 26062026 ligne materiels 225 ; disponible_excel=0"
A_117;Souris;;;DELL;;;;;;;stocke;"Import Excel 26062026 ligne materiels 226 ; disponible_excel=0"
A_118;Casque audio;;;Microsoft;;;;;;;stocke;"Import Excel 26062026 ligne materiels 227 ; disponible_excel=0"
A_119;Clavier;;;Cherry;;;;;;;stocke;"Import Excel 26062026 ligne materiels 228 ; disponible_excel=0"
A_120;Souris;;;Dacomex;;;;;;;stocke;"Import Excel 26062026 ligne materiels 229 ; disponible_excel=0"
A_121;Webcam;;;;;;;;;;stocke;"Import Excel 26062026 ligne materiels 230 ; disponible_excel=0"
Ec_44;Ecran;;;Iiyama;;;;;;;stocke;"Import Excel 26062026 ligne materiels 231 ; disponible_excel=0"
Ec_45;Ecran;;;Iiyama;;;;;;;stocke;"Import Excel 26062026 ligne materiels 232 ; disponible_excel=0"
SA_23;Station d'accueil;;;HP;;;;;;;stocke;"Import Excel 26062026 ligne materiels 233 ; disponible_excel=0"
SA_24;Station d'accueil;;;HP;;;;;;;stocke;"Import Excel 26062026 ligne materiels 234 ; disponible_excel=0"
OP_39;Ordinateur portable;;;HP;5CG1463GX6;;W;;;;stocke;"Import Excel 26062026 ligne materiels 235 ; disponible_excel=0"
OF_6;Ordinateur fixe;;;DELL;JNK6YT3;;;;;;stocke;"Import Excel 26062026 ligne materiels 236 ; disponible_excel=0"
A_122;Casque audio;;;Logitech;;;;;;;stocke;"Import Excel 26062026 ligne materiels 237 ; disponible_excel=0"
A_123;Tablette graphique;;;Wacom;;;;;;;stocke;"Import Excel 26062026 ligne materiels 238 ; disponible_excel=0"
A_124;Disque dur;;;;;;;;;;stocke;"Import Excel 26062026 ligne materiels 239 ; disponible_excel=0"
SA_25;Station d'accueil;;;HP;5CG350XS77;;;;;;stocke;"Import Excel 26062026 ligne materiels 240 ; disponible_excel=0"
OP_40;Ordinateur portable;;;DELL;JM510Z2;;W;;;;stocke;"Import Excel 26062026 ligne materiels 241 ; disponible_excel=0"
Ec_46;Ecran;;;DELL;4Q88JQ2;;;;;;stocke;"Import Excel 26062026 ligne materiels 242 ; disponible_excel=0"
A_125;Tablette graphique;;;Wacom;;;;;;;stocke;"Import Excel 26062026 ligne materiels 243 ; disponible_excel=0"
OP_41;Ordinateur portable;;7C-57-58-13-0E-9D;HP;5CD2510T7J;;W;;;;stocke;"Import Excel 26062026 ligne materiels 244 ; disponible_excel=0"
A_126;Hub connectique;;;I-TEC;;;;;;;stocke;"Import Excel 26062026 ligne materiels 245 ; disponible_excel=0"
A_127;Souris;;;HP;;;;;;;stocke;"Import Excel 26062026 ligne materiels 246 ; disponible_excel=0"
Ec_47;Ecran;;;DELL;102JJ53;;;;;;stocke;"Import Excel 26062026 ligne materiels 247 ; disponible_excel=0"
OF_7;Ordinateur fixe;;;DELL;629TB03;;;;;;stocke;"Import Excel 26062026 ligne materiels 248 ; disponible_excel=0"
Ec_48;Ecran;;;DELL;74OFJQ2;;;;;;stocke;"Import Excel 26062026 ligne materiels 249 ; disponible_excel=0"
A_128;Souris;;;DELL;;;;;;;stocke;"Import Excel 26062026 ligne materiels 250 ; disponible_excel=0"
OP_42;Ordinateur portable;;;DELL;CPFXHW3;;W;;;;stocke;"Import Excel 26062026 ligne materiels 251 ; disponible_excel=0"
Ec_49;Ecran;;;DELL;;;;;;;stocke;"Import Excel 26062026 ligne materiels 252 ; disponible_excel=0"
A_129;Clavier;;;DELL;;;;;;;stocke;"Import Excel 26062026 ligne materiels 253 ; disponible_excel=0"
A_130;Souris;;;DELL;;;;;;;stocke;"Import Excel 26062026 ligne materiels 254 ; disponible_excel=0"
SA_26;Station d'accueil;;04-BF-1B-45-28-A4;;HN6DYT3;;;;;;stocke;"Import Excel 26062026 ligne materiels 255 ; disponible_excel=0"
A_131;Hub connectique;;;DELL;;;;;;;stocke;"Import Excel 26062026 ligne materiels 256 ; disponible_excel=0"
A_132;Clé USB;Capacité 8GO;;DELL;;;;;;;stocke;"Import Excel 26062026 ligne materiels 257 ; disponible_excel=0"
OP_43;Ordinateur portable;;;DELL;CNKLK13;;W;;;;stocke;"Import Excel 26062026 ligne materiels 258 ; disponible_excel=0"
SA_27;Station d'accueil;;8C-EC-4B-28-E1-B6;DELL;;;;;;;stocke;"Import Excel 26062026 ligne materiels 259 ; disponible_excel=0"
OP_44;Ordinateur portable;;;DELL;7JW3R73;;W;;;;stocke;"Import Excel 26062026 ligne materiels 260 ; disponible_excel=1"
SA_28;Station d'accueil;;30-D0-42-07-2E-6C;DELL;JZX7363;;;;;;stocke;"Import Excel 26062026 ligne materiels 261 ; disponible_excel=1"
A_133;Clavier;;;Logitech;;;;;;;stocke;"Import Excel 26062026 ligne materiels 262 ; disponible_excel=1"
A_134;Souris;;;Logitech;;;;;;;stocke;"Import Excel 26062026 ligne materiels 263 ; disponible_excel=1"
A_135;Disque dur;Capacité: 2 TO;;Lacie;;;;;;;stocke;"Import Excel 26062026 ligne materiels 264 ; disponible_excel=0"
OP_45;Ordinateur portable;;;;6FLGYY2;;W;;;;stocke;"Import Excel 26062026 ligne materiels 265 ; disponible_excel=0"
A_136;Souris;;;Logitech;;;;;;;stocke;"Import Excel 26062026 ligne materiels 266 ; disponible_excel=0"
Ec_50;Ecran;;;DELL;96TDJ53;;;;;;stocke;"Import Excel 26062026 ligne materiels 267 ; disponible_excel=0"
A_137;Clavier;;;DELL;;;;;;;stocke;"Import Excel 26062026 ligne materiels 268 ; disponible_excel=0"
A_138;Souris;;;DELL;;;;;;;stocke;"Import Excel 26062026 ligne materiels 269 ; disponible_excel=0"
SA_29;Station d'accueil;;98-E7-43-03-C1-E4;DELL;BP0LGX2;;;;;;stocke;"Import Excel 26062026 ligne materiels 270 ; disponible_excel=0"
OP_46;Ordinateur portable;;;DELL;GFY05S2;;W;;;;stocke;"Import Excel 26062026 ligne materiels 271 ; disponible_excel=0"
Ec_51;Ecran;;;DELL;C72B072;;;;;;stocke;"Import Excel 26062026 ligne materiels 272 ; disponible_excel=0"
A_139;Clavier;;;Logitech;;;;;;;stocke;"Import Excel 26062026 ligne materiels 273 ; disponible_excel=0"
A_140;Souris;;;DELL;;;;;;;stocke;"Import Excel 26062026 ligne materiels 274 ; disponible_excel=0"
SA_30;Station d'accueil;;3C-2C-30-99-86-DA;DELL;;;;;;;stocke;"Import Excel 26062026 ligne materiels 275 ; disponible_excel=0"
A_141;Casque audio;;;Logitech;;;;;;;stocke;"Import Excel 26062026 ligne materiels 276 ; disponible_excel=0"
OP_47;Ordinateur portable;;;DELL;1945R73;;W;;;;stocke;"Import Excel 26062026 ligne materiels 277 ; disponible_excel=0"
Ec_52;Ecran;;;DELL;;;;;;;stocke;"Import Excel 26062026 ligne materiels 278 ; disponible_excel=0"
A_142;Clavier;;;DELL;;;;;;;stocke;"Import Excel 26062026 ligne materiels 279 ; disponible_excel=0"
A_143;Souris;;;Logitech;;;;;;;stocke;"Import Excel 26062026 ligne materiels 280 ; disponible_excel=0"
SA_31;Station d'accueil;;B4-45-06-BA-48-D4;DELL;7N6QLM3;;;;;;stocke;"Import Excel 26062026 ligne materiels 281 ; disponible_excel=0"
A_144;Clé USB;Capacité: 1 GO;;;;;;;;;stocke;"Import Excel 26062026 ligne materiels 282 ; disponible_excel=0"
A_145;Clé USB;Capacité: 256 GO;;Kingston;;;;;;;stocke;"Import Excel 26062026 ligne materiels 283 ; disponible_excel=0"
A_146;Souris;;;Cherry;;;;;;;stocke;"Import Excel 26062026 ligne materiels 284 ; disponible_excel=0"
A_147;Routeur ethernet;;;;;;;;;;stocke;"Import Excel 26062026 ligne materiels 285 ; disponible_excel=0"
OP_48;Ordinateur portable;;;DELL;H8SD863;;W;;;;stocke;"Import Excel 26062026 ligne materiels 286 ; disponible_excel=0"
OP_49;Ordinateur portable;;;DELL;9SK76M2;;Linux;;;;stocke;"Import Excel 26062026 ligne materiels 287 ; disponible_excel=0"
Ec_53;Ecran;;;DELL;8X0NFC3;;;;;;stocke;"Import Excel 26062026 ligne materiels 288 ; disponible_excel=0"
Ec_54;Ecran;;;HP;;;;;;;stocke;"Import Excel 26062026 ligne materiels 289 ; disponible_excel=0"
A_148;Clavier;;;HP;;;;;;;stocke;"Import Excel 26062026 ligne materiels 290 ; disponible_excel=0"
A_149;Souris;;;HP;;;;;;;stocke;"Import Excel 26062026 ligne materiels 291 ; disponible_excel=0"
OF_8;Ordinateur fixe;;;DELL;9R19032;;;;;;stocke;"Import Excel 26062026 ligne materiels 292 ; disponible_excel=0"
OF_9;Ordinateur fixe;;;HP;;;;;;;stocke;"Import Excel 26062026 ligne materiels 293 ; disponible_excel=0"
A_150;Clavier;;;Logitech;;;;;;;stocke;"Import Excel 26062026 ligne materiels 294 ; disponible_excel=0"
A_151;Souris;;;Logitech;;;;;;;stocke;"Import Excel 26062026 ligne materiels 295 ; disponible_excel=0"
A_152;Souris;;;Microsoft;;;;;;;stocke;"Import Excel 26062026 ligne materiels 296 ; disponible_excel=0"
OP_50;Ordinateur portable;;AC-1A-3D-AE-55-D5;DELL;5ZT48S3;;W;;;;stocke;"Import Excel 26062026 ligne materiels 297 ; disponible_excel=0"
SA_32;Station d'accueil;;54-BF-64-55-EB-46;DELL;573K883;;;;;;stocke;"Import Excel 26062026 ligne materiels 298 ; disponible_excel=0"
Ec_55;Ecran;;;Philips;;;;;;;stocke;"Import Excel 26062026 ligne materiels 299 ; disponible_excel=0"
A_153;Clavier;;;Logitech;;;;;;;stocke;"Import Excel 26062026 ligne materiels 300 ; disponible_excel=0"
A_154;Souris;;;Logitech;;;;;;;stocke;"Import Excel 26062026 ligne materiels 301 ; disponible_excel=0"
A_155;Clé USB;Capacité: 2 GO;;;;;;;;;stocke;"Import Excel 26062026 ligne materiels 302 ; disponible_excel=0"
A_156;Hub connectique;;;;;;;;;;stocke;"Import Excel 26062026 ligne materiels 303 ; disponible_excel=0"
OP_51;Ordinateur portable;;38-14-28-C6-28-51;DELL;JZ144J3;;W11;;;;stocke;"Import Excel 26062026 ligne materiels 304 ; disponible_excel=0"
Ec_56;Ecran;U4919DW;;DELL;;;;;;;stocke;"Import Excel 26062026 ligne materiels 305 ; disponible_excel=0"
SA_33;Station d'accueil;;D8-9E-F3-F6-C1-26;DELL;;;;;;;stocke;"Import Excel 26062026 ligne materiels 306 ; disponible_excel=0"
A_157;Disque dur;Synology DS418;;Synology;;;;;;;stocke;"Import Excel 26062026 ligne materiels 307 ; disponible_excel=0"
A_158;Clavier;;;DELL;;;;;;;stocke;"Import Excel 26062026 ligne materiels 308 ; disponible_excel=0"
A_159;Souris;;;DELL;;;;;;;stocke;"Import Excel 26062026 ligne materiels 309 ; disponible_excel=0"
Ec_57;Ecran;P2214Hb;;DELL;CN-029C29-74261-57R-90GL;;;;;;stocke;"Import Excel 26062026 ligne materiels 310 ; disponible_excel=1"
OP_52;Ordinateur portable;;;DELL;794NQ73;;;;;;stocke;"Import Excel 26062026 ligne materiels 311 ; disponible_excel=0"
A_160;Clavier;;;DELL;;;;;;;stocke;"Import Excel 26062026 ligne materiels 312 ; disponible_excel=0"
A_161;Souris;;;DELL;;;;;;;stocke;"Import Excel 26062026 ligne materiels 313 ; disponible_excel=0"
A_162;Souris;;;HP;;;;;;;stocke;"Import Excel 26062026 ligne materiels 314 ; disponible_excel=0"
A_163;Clavier;;;HP;;;;;;;stocke;"Import Excel 26062026 ligne materiels 315 ; disponible_excel=0"
SA_34;Station d'accueil;;5C-28-86-68-BA-51;HP;5CG349W6XF;;;;;;stocke;"Import Excel 26062026 ligne materiels 316 ; disponible_excel=0"
OP_53;Ordinateur portable;;;HP;5CG4091TG3;;;;;;stocke;"Import Excel 26062026 ligne materiels 317 ; disponible_excel=0"
A_164;Clé USB;Capacité: 128 GO;;Sandisk;;;;;;;stocke;"Import Excel 26062026 ligne materiels 318 ; disponible_excel=0"
OP_54;Ordinateur portable;Precision 3581;28-00-AF-C7-B4-92;DELL;2GH4T14;;;;;;stocke;"Import Excel 26062026 ligne materiels 319 ; disponible_excel=0"
Ec_58;Ecran;;;Philips;;;;;;;stocke;"Import Excel 26062026 ligne materiels 320 ; disponible_excel=0"
A_165;Hub connectique;Hub USB 3.0;;TP-Link;;;;;;;stocke;"Import Excel 26062026 ligne materiels 321 ; disponible_excel=0"
A_166;Souris;;;DELL;;;;;;;stocke;"Import Excel 26062026 ligne materiels 322 ; disponible_excel=1"
Ec_59;Ecran;;;DELL;FWQT4X2;;;;;;stocke;"Import Excel 26062026 ligne materiels 323 ; disponible_excel=0"
OP_55;Ordinateur portable;Precision 3551;74-78-27-01-3B-9D;DELL;8S2W273;;;;;;stocke;"Import Excel 26062026 ligne materiels 324 ; disponible_excel=1"
OF_10;Ordinateur fixe;;;DELL;DRNVJG2;;;;;;stocke;"Import Excel 26062026 ligne materiels 325 ; disponible_excel=0"
Ec_60;Ecran;;;DELL;95GM8L3;;;;;;stocke;"Import Excel 26062026 ligne materiels 326 ; disponible_excel=0"
A_167;Clavier;;;DELL;;;;;;;stocke;"Import Excel 26062026 ligne materiels 327 ; disponible_excel=0"
A_168;Souris;;;DELL;;;;;;;stocke;"Import Excel 26062026 ligne materiels 328 ; disponible_excel=0"
Ec_61;Ecran;G-master;;Iiyama;GB2730HSU;;;;;;stocke;"Import Excel 26062026 ligne materiels 329 ; disponible_excel=0"
OF_11;Ordinateur fixe;;;DELL;5LH5B54;;;;;;stocke;"Import Excel 26062026 ligne materiels 330 ; disponible_excel=0"
A_169;Clavier;;;DELL;;;;;;;stocke;"Import Excel 26062026 ligne materiels 331 ; disponible_excel=0"
A_170;Souris;;;DELL;;;;;;;stocke;"Import Excel 26062026 ligne materiels 332 ; disponible_excel=0"
OP_56;Ordinateur portable;Mobile Precision 3591;;DELL;B8Z8T44;;;;;;stocke;"Import Excel 26062026 ligne materiels 333 ; disponible_excel=0"
SA_35;Station d'accueil;WD22TB4;;DELL;JPS0K34;;;;;;stocke;"Import Excel 26062026 ligne materiels 334 ; disponible_excel=0"
Ec_62;Ecran;P2725H;;DELL;74DRM04;;;;;;stocke;"Import Excel 26062026 ligne materiels 335 ; disponible_excel=1"
Ec_63;Ecran;P2725H;;DELL;J3DRM04;;;;;;stocke;"Import Excel 26062026 ligne materiels 336 ; disponible_excel=0"
A_171;Clavier;;;DELL;;;;;;;stocke;"Import Excel 26062026 ligne materiels 337 ; disponible_excel=0"
A_172;Souris;;;DELL;;;;;;;stocke;"Import Excel 26062026 ligne materiels 338 ; disponible_excel=0"
OP_57;Ordinateur portable;Latitude 5480;;DELL;HCWJQN2;;;;;;stocke;"Import Excel 26062026 ligne materiels 339 ; disponible_excel=0"
A_173;NAS;DS923 +- 32TO après redondance;;Synology;;;;;;;stocke;"Import Excel 26062026 ligne materiels 340 ; disponible_excel=0"
OP_58;Ordinateur portable;Linux - EliteBook Polystudio;;HP;5CD436KTZZ;;;;;;stocke;"Import Excel 26062026 ligne materiels 341 ; disponible_excel=0"
OP_59;Ordinateur portable;EliteBook ...;D0-AD-08-8D-8B-80;HP;5CG3480CN1;;;;;;stocke;"Import Excel 26062026 ligne materiels 342 ; disponible_excel=0"
OP_60;Ordinateur portable;Precision 5490;;DELL;8HTPB54;;;;;;stocke;"Import Excel 26062026 ligne materiels 343 ; disponible_excel=0"
A_174;Disque dur;Capacité: 1 TO;;Seagate;;;;;;;stocke;"Import Excel 26062026 ligne materiels 344 ; disponible_excel=0"
Ec_64;Ecran;;;DELL;FJB4023;;;;;;stocke;"Import Excel 26062026 ligne materiels 345 ; disponible_excel=0"
SA_36;Station d'accueil;;C0-3E-BA-39-02-34;DELL;7QFW263;;;;;;stocke;"Import Excel 26062026 ligne materiels 346 ; disponible_excel=0"
OP_61;Ordinateur portable;;;DELL;7NP0CL3;;;;;;stocke;"Import Excel 26062026 ligne materiels 347 ; disponible_excel=0"
Ec_65;Ecran;;;DELL;GZSMRM3;;;;;;stocke;"Import Excel 26062026 ligne materiels 348 ; disponible_excel=0"
A_175;Clavier;;;DELL;;;;;;;stocke;"Import Excel 26062026 ligne materiels 349 ; disponible_excel=0"
OP_62;Ordinateur portable;Precision 5490;;DELL;H0NRS54;;;;;;stocke;"Import Excel 26062026 ligne materiels 350 ; disponible_excel=0"
SA_37;Station d'accueil;;04-BF-1B-CC-8A-29;DELL;8VVLT34;;;;;;stocke;"Import Excel 26062026 ligne materiels 351 ; disponible_excel=0"
A_176;Hub connectique;;;DELL;;;;;;;stocke;"Import Excel 26062026 ligne materiels 352 ; disponible_excel=0"
A_177;Souris;;;Logitech;;;;;;;stocke;"Import Excel 26062026 ligne materiels 353 ; disponible_excel=0"
A_178;Clavier;;;Logitech;;;;;;;stocke;"Import Excel 26062026 ligne materiels 354 ; disponible_excel=0"
OP_63;Ordinateur portable;Precision 5490;;DELL;7KGRB54;;;;;;stocke;"Import Excel 26062026 ligne materiels 355 ; disponible_excel=0"
SA_38;Station d'accueil;;D0-94-66-F5-DD-A0;DELL;;;;;;;stocke;"Import Excel 26062026 ligne materiels 356 ; disponible_excel=1"
SA_39;Station d'accueil;;04-BF-1B-BE-93-E0;DELL;3X08234;;;;;;stocke;"Import Excel 26062026 ligne materiels 357 ; disponible_excel=0"
Ec_66;Ecran;P2725HT;;DELL;9MTWM04;;;;;;stocke;"Import Excel 26062026 ligne materiels 358 ; disponible_excel=0"
Ec_67;Ecran;P2725HT;;DELL;;;;;;;stocke;"Import Excel 26062026 ligne materiels 359 ; disponible_excel=0"
OP_64;Ordinateur portable;Precision 3591;;DELL;BF6X854;;;;;;stocke;"Import Excel 26062026 ligne materiels 360 ; disponible_excel=0"
OP_65;Ordinateur portable;Latitude 3510;;DELL;9KLSG63;;;;;;stocke;"Import Excel 26062026 ligne materiels 361 ; disponible_excel=0"
SA_40;Station d'accueil;;C0-3E-BA-37-12-64;DELL;13TS263;;;;;;stocke;"Import Excel 26062026 ligne materiels 362 ; disponible_excel=0"
SA_41;Station d'accueil;;;DELL;45ZZM03;;;;;;stocke;"Import Excel 26062026 ligne materiels 363 ; disponible_excel=0"
Ec_68;Ecran;;;HP;;;;;;;stocke;"Import Excel 26062026 ligne materiels 364 ; disponible_excel=0"
Ec_69;Ecran;;;DELL;H9TL8L3;;;;;;stocke;"Import Excel 26062026 ligne materiels 365 ; disponible_excel=0"
OF_12;Ordinateur fixe;Precision T3610;;DELL;B9L4422;;;;;;stocke;"Import Excel 26062026 ligne materiels 366 ; disponible_excel=0"
A_179;Souris;;;Logitech;;;;;;;stocke;"Import Excel 26062026 ligne materiels 367 ; disponible_excel=0"
A_180;Clavier;;;DELL;;;;;;;stocke;"Import Excel 26062026 ligne materiels 368 ; disponible_excel=0"
A_181;Clavier;;;DELL;;;;;;;stocke;"Import Excel 26062026 ligne materiels 369 ; disponible_excel=0"
A_182;Souris;;;DELL;;;;;;;stocke;"Import Excel 26062026 ligne materiels 370 ; disponible_excel=0"
Ec_70;Ecran;E232;;HP;;;;;;;stocke;"Import Excel 26062026 ligne materiels 371 ; disponible_excel=0"
OP_66;Ordinateur portable;Precision 3520;;DELL;1118NH2;;;;;;stocke;"Import Excel 26062026 ligne materiels 372 ; disponible_excel=0"
SA_42;Station d'accueil;;;DELL;31ML994;;;;;;stocke;"Import Excel 26062026 ligne materiels 373 ; disponible_excel=0"
Ec_71;Ecran;P27h G5;;HP;3CM33217B3;;;;;;stocke;"Import Excel 26062026 ligne materiels 374 ; disponible_excel=0"
A_183;Clavier;;;DELL;;;;;;;stocke;"Import Excel 26062026 ligne materiels 375 ; disponible_excel=0"
A_184;Souris;;;DELL;;;;;;;stocke;"Import Excel 26062026 ligne materiels 376 ; disponible_excel=0"
SA_43;Station d'accueil;;3C-2C-30-99-86-27;DELL;CN-05FDDV;;;;;;stocke;"Import Excel 26062026 ligne materiels 377 ; disponible_excel=0"
A_185;Casque audio;Voyager Focus 2;;POLY;;;;;;;stocke;"Import Excel 26062026 ligne materiels 378 ; disponible_excel=0"
SA_44;Station d'accueil;HP USBC Dock 65;;HP;1H9523X37W;;;;;;stocke;"Import Excel 26062026 ligne materiels 379 ; disponible_excel=0"
OP_67;Ordinateur portable;HP Elite X360 1040 G11 - Product Id : 8Y1Q2AV;;HP;5CG5320945;200952;;;;;stocke;"Import Excel 26062026 ligne materiels 380 ; disponible_excel=0"
Ec_72;Ecran;U2724D;;DELL;64M9H34;;;;;;stocke;"Import Excel 26062026 ligne materiels 381 ; disponible_excel=0"
SA_45;Station d'accueil;K20A001;;DELL;BVVM363;;;;;;stocke;"Import Excel 26062026 ligne materiels 382 ; disponible_excel=0"
A_186;Clavier;;;DELL;;;;;;;stocke;"Import Excel 26062026 ligne materiels 383 ; disponible_excel=0"
Ec_73;Ecran;P2722H;;DELL;9XQJFC3;;;;;;stocke;"Import Excel 26062026 ligne materiels 384 ; disponible_excel=0"
A_187;Souris;;;DELL;;;;;;;stocke;"Import Excel 26062026 ligne materiels 385 ; disponible_excel=0"
SA_46;Station d'accueil;;D0-94-66-F5-DD-A0;DELL;K17A001;;;;;;stocke;"Import Excel 26062026 ligne materiels 386 ; disponible_excel=0"
SA_47;Station d'accueil;;04-BF-1B-DD-70-CE;DELL;2F7RP54;;;;;;stocke;"Import Excel 26062026 ligne materiels 387 ; disponible_excel=0"
Ec_74;Ecran;M1N98AA M1N98AT M1N98AS;;;HSTND-9021-F;;;;;;stocke;"Import Excel 26062026 ligne materiels 388 ; disponible_excel=0"
OP_68;Ordinateur portable;Precision 3591;;DELL;C1DBJ64;;;;;;stocke;"Import Excel 26062026 ligne materiels 389 ; disponible_excel=0"
OP_69;Ordinateur portable;LATITUDE 7400;;DELL;6MP8K13;;;;;;stocke;"Import Excel 26062026 ligne materiels 390 ; disponible_excel=0"
Ec_75;Ecran;P2725H;;DELL;5B4ZD34;;;;;;stocke;"Import Excel 26062026 ligne materiels 391 ; disponible_excel=0"
OF_13;Ordinateur fixe;PRECISION 3450;;DELL;5N8L8K3;;;;;;stocke;"Import Excel 26062026 ligne materiels 392 ; disponible_excel=0"
SA_48;Station d'accueil;K20A001;;DELL;573K883;;;;;;stocke;"Import Excel 26062026 ligne materiels 393 ; disponible_excel=1"
SA_49;Station d'accueil;G5;;HP;72C71AA#ABB;;;;;;stocke;"Import Excel 26062026 ligne materiels 394 ; disponible_excel=0"
Ec_76;Ecran;;;DELL;CN-00FXD-74261-4A8-1PUS;;;;;;stocke;"Import Excel 26062026 ligne materiels 395 ; disponible_excel=0"
OP_70;Ordinateur portable;Windows - HP EliteBook 840 G11;;HP;"5CG5032BP7
8M4Y0AV";;;;;;stocke;"Import Excel 26062026 ligne materiels 396 ; disponible_excel=0"
A_188;Clavier;wireless;;DELL;;;;;;;stocke;"Import Excel 26062026 ligne materiels 397 ; disponible_excel=0"
A_189;Souris;wireless;;DELL;;;;;;;stocke;"Import Excel 26062026 ligne materiels 398 ; disponible_excel=0"
SA_50;Station d'accueil;RMN H5N-IX02;;HP;SCG323ZP8V;;;;;;stocke;"Import Excel 26062026 ligne materiels 399 ; disponible_excel=0"
Ec_77;Ecran;P2311Hb;;DELL;CN-0WPDV1-74261;;;;;;stocke;"Import Excel 26062026 ligne materiels 400 ; disponible_excel=0"
A_190;Clavier;;;;;;;;;;stocke;"Import Excel 26062026 ligne materiels 401 ; disponible_excel=0"
A_191;Souris;;;;;;;;;;stocke;"Import Excel 26062026 ligne materiels 402 ; disponible_excel=0"
A_192;Souris;;;Logitech;;;;;;;stocke;"Import Excel 26062026 ligne materiels 403 ; disponible_excel=0"
Ec_78;Ecran;HP P27h G24 27-inch;;HP;3CM228039Y;;;;;;stocke;"Import Excel 26062026 ligne materiels 404 ; disponible_excel=0"
Ec_79;Ecran;HP E231;;HP;3CQ32905QM;;;;;;stocke;"Import Excel 26062026 ligne materiels 405 ; disponible_excel=1"
SA_51;Station d'accueil;HP USB-C DOCK G5;;HP;1H9510ZBPK;;;;;;stocke;"Import Excel 26062026 ligne materiels 406 ; disponible_excel=0"
A_193;Clavier;;;;;;;;;;stocke;"Import Excel 26062026 ligne materiels 407 ; disponible_excel=0"
A_194;Souris;;;;;;;;;;stocke;"Import Excel 26062026 ligne materiels 408 ; disponible_excel=0"
Ec_80;Ecran;P2311Hb;;DELL;CN-0WPDV1-74261-16N-2THL;;;;;;stocke;"Import Excel 26062026 ligne materiels 409 ; disponible_excel=0"
OP_71;Ordinateur portable;Precision 5530;;DELL;GPQ4TT2;;;;;;stocke;"Import Excel 26062026 ligne materiels 410 ; disponible_excel=0"
SA_52;Station d'accueil;K20A001;;DELL;573K883;;;;;;stocke;"Import Excel 26062026 ligne materiels 411 ; disponible_excel=0"
A_195;Clavier;;;;;;;;;;stocke;"Import Excel 26062026 ligne materiels 412 ; disponible_excel=0"
A_196;Souris;;;CHERRY;;;;;;;stocke;"Import Excel 26062026 ligne materiels 413 ; disponible_excel=0"
Ec_81;Ecran;ProLIte XB2474HS;;IIYAMA;11669V9703934;;;;;;stocke;"Import Excel 26062026 ligne materiels 414 ; disponible_excel=0"
OP_72;Ordinateur portable;HP EliteBook 8 g1I 16;;HP;5CG5453FC9;201378;;;;;stocke;"Import Excel 26062026 ligne materiels 415 ; disponible_excel=0"
SA_53;Station d'accueil;;8C-EC-4B-0C-79-AA;DELL;;;;;;;stocke;"Import Excel 26062026 ligne materiels 416 ; disponible_excel=1"
SA_54;Station d'accueil;HP HSN-IX02;;HP;5CG541ZGLM;;;;;;stocke;"Import Excel 26062026 ligne materiels 417 ; disponible_excel=0"
A_197;Souris;;;Logitech;;;;;;;stocke;"Import Excel 26062026 ligne materiels 418 ; disponible_excel=0"
OP_73;Ordinateur portable;Precision 5530;;DELL;FLG0JR2;;;;;;stocke;"Import Excel 26062026 ligne materiels 419 ; disponible_excel=0"
OP_74;Ordinateur portable;;;DELL;2G2GHL3;;;;;;stocke;"Import Excel 26062026 ligne materiels 420 ; disponible_excel=0"
Ec_82;Ecran;;;DELL;DKSMRM3;;;;;;stocke;"Import Excel 26062026 ligne materiels 421 ; disponible_excel=0"
SA_55;Station d'accueil;;;DELL;;;;;;;stocke;"Import Excel 26062026 ligne materiels 422 ; disponible_excel=0"
A_198;Clavier;;;DELL;;;;;;;stocke;"Import Excel 26062026 ligne materiels 423 ; disponible_excel=0"
A_199;Souris;;;DELL;;;;;;;stocke;"Import Excel 26062026 ligne materiels 424 ; disponible_excel=0"
OF_14;Ordinateur fixe;Precision 3680;10-98-19-1F-2B-D1;DELL;188ZL54;;;;;;stocke;"Import Excel 26062026 ligne materiels 425 ; disponible_excel=0"
OP_75;Ordinateur portable;Elite 1360 1040 G11;;HP;"5CG51518CQ  
ProdID:8Y1Q2AV";200885;;;;;stocke;"Import Excel 26062026 ligne materiels 426 ; disponible_excel=0"
SA_56;Station d'accueil;;5C-28-86-C5-0A-58;HP;C2Q504Z9WT;;;;;;stocke;"Import Excel 26062026 ligne materiels 427 ; disponible_excel=0"
SA_57;Station d'accueil;HP USBC-C Dock G5;5C-28-B6-C5-28-BE;HP;C2Q503Z4RC;;;;;;stocke;"Import Excel 26062026 ligne materiels 428 ; disponible_excel=0"
A_200;Souris;;;DELL;;;;;;;stocke;"Import Excel 26062026 ligne materiels 429 ; disponible_excel=0"
A_201;Clavier;;;DELL;;;;;;;stocke;"Import Excel 26062026 ligne materiels 430 ; disponible_excel=0"
A_202;Souris;;;HP;;;;;;;stocke;"Import Excel 26062026 ligne materiels 431 ; disponible_excel=0"
Ec_83;Ecran;;;HP;;;;;;;stocke;"Import Excel 26062026 ligne materiels 432 ; disponible_excel=0"
OF_15;Ordinateur fixe;;;DELL;FMLGWS2;;;;;;stocke;"Import Excel 26062026 ligne materiels 433 ; disponible_excel=0"
SA_58;Station d'accueil;;;DELL;9R0K883;;;;;;stocke;"Import Excel 26062026 ligne materiels 434 ; disponible_excel=0"
OP_76;Ordinateur portable;Precision 3591;;DELL;CSM9W94;200887;;;;;stocke;"Import Excel 26062026 ligne materiels 435 ; disponible_excel=0"
OP_77;Ordinateur portable;EliteBook X360  1040 G11;;HP;"5CG5222RD1
PRODID: 8Y1Q2AU";200886;;;;;stocke;"Import Excel 26062026 ligne materiels 436 ; disponible_excel=0"
A_203;Clavier;;;HP;;;;;;;stocke;"Import Excel 26062026 ligne materiels 437 ; disponible_excel=0"
A_204;Souris;;;HP;;;;;;;stocke;"Import Excel 26062026 ligne materiels 438 ; disponible_excel=0"
SA_59;Station d'accueil;G5;98-A4-4E-83-59-FO;HP;;;;;;;stocke;"Import Excel 26062026 ligne materiels 439 ; disponible_excel=0"
SA_60;Station d'accueil;;;HP;5CG623XB2L;;;;;;stocke;"Import Excel 26062026 ligne materiels 440 ; disponible_excel=0"
Ec_84;Ecran;P2317H;;DELL;FRZ5PB2;;;;;;stocke;"Import Excel 26062026 ligne materiels 441 ; disponible_excel=0"
OF_16;Ordinateur fixe;Optiplex 3010 (Étiquette : D12A);;DELL;6VRQH5J;;;2012;Pas de disque dur;stocké aux Archives;stocke;"Import Excel 26062026 ligne materiels 442 ; disponible_excel=1"
OF_17;Ordinateur fixe;Optiplex 9020 (Étiquette : D13B);;DELL;FFHSG62;;;2013;;stocké aux Archives;stocke;"Import Excel 26062026 ligne materiels 443 ; disponible_excel=1"
OF_18;Ordinateur fixe;Optiplex 9020 (Étiquette : D13C);;DELL;FFHHF62;;;2013;;stocké aux Archives;stocke;"Import Excel 26062026 ligne materiels 444 ; disponible_excel=1"
OF_19;Ordinateur fixe;Optiplex 7010 (Étiquette : D12B);;DELL;8K0TW02;;;2012;;stocké aux Archives;stocke;"Import Excel 26062026 ligne materiels 445 ; disponible_excel=1"
OF_20;Ordinateur fixe;Optiplex 7040 (Étiquette : D15A);;DELL;GBQT682;;;2015;;stocké aux Archives;stocke;"Import Excel 26062026 ligne materiels 446 ; disponible_excel=1"
OF_21;Ordinateur fixe;Optiplex 7040 (Étiquette : D15B);;DELL;9C6FSG2;;W10;2015;;;stocke;"Import Excel 26062026 ligne materiels 447 ; disponible_excel=0"
OF_22;Ordinateur fixe;Optiplex 7060 small (Étiquette : D18B);;DELL;FML6WS2;;;2018;Manip à Florine en juillet 2024;;stocke;"Import Excel 26062026 ligne materiels 448 ; disponible_excel=1"
OF_23;Ordinateur fixe;Optiplex 5060 micro (Étiquette : D18C);;DELL;8X469T2;;;2018;;stocké aux Archives;stocke;"Import Excel 26062026 ligne materiels 449 ; disponible_excel=1"
OF_24;Ordinateur fixe;Optiplex 9020;;DELL;FFHRS62;;;2013;;stocké aux Archives;stocke;"Import Excel 26062026 ligne materiels 450 ; disponible_excel=0"
OP_78;Ordinateur portable;Probook 650 G2 (Etiquette : H16A);;HP;5CG6403SHT;;;2016;Charnière écran cassée;stocké aux Archives;stocke;"Import Excel 26062026 ligne materiels 451 ; disponible_excel=1"
OP_79;Ordinateur portable;Precision 7520;;DELL;FRSPNH2;;;2017;Formatage DN nécessaire (cpdt reconnu ethernet);stocké aux Archives;stocke;"Import Excel 26062026 ligne materiels 452 ; disponible_excel=1"
OP_80;Ordinateur portable;Probook 640 G1;;HP;5CG4480QQZ;;;2013;Tactile ? Sans OS;stocké aux Archives;stocke;"Import Excel 26062026 ligne materiels 453 ; disponible_excel=1"
OP_81;Ordinateur portable;Latitude E6530;;DELL;DPN: TJGG3 A01;;;2013;Clavier collant;stocké aux Archives;stocke;"Import Excel 26062026 ligne materiels 454 ; disponible_excel=1"
OP_82;Ordinateur portable;Elitebook Folio 1040 G3 (PC Stagiaire F);;HP;"5CD636574D
PRODID: M5R99AD";;W10;;;Ancien PC Stagiaire F - Prêté à Manon GIRERD - batterie ne tient pas;stocke;"Import Excel 26062026 ligne materiels 455 ; disponible_excel=0"
OP_83;Ordinateur portable;Latitude 5520 (PC Stagiaire A);;DELL;HDDLP93;;W11;;;bureau 2030 (armoire) - Réservation GRR;stocke;"Import Excel 26062026 ligne materiels 456 ; disponible_excel=1"
OP_84;Ordinateur portable;Latitude 5490 (PC Stagiaire B);;DELL;DSC52Z2;;;;;bureau 2030 (armoire) - Réservation GRR;stocke;"Import Excel 26062026 ligne materiels 457 ; disponible_excel=1"
OP_85;Ordinateur portable;Latitude 5480 (PC Stagiaire C);;DELL;CCR5NH2;;W11;;;bureau 2030 (armoire) - Réservation GRR;stocke;"Import Excel 26062026 ligne materiels 458 ; disponible_excel=1"
OP_86;Ordinateur portable;Latitude 5510 (PC Stagiaire D);;DELL;D1J89C3;;W11;;;bureau 2030 (armoire) - Réservation GRR;stocke;"Import Excel 26062026 ligne materiels 459 ; disponible_excel=1"
OP_87;Ordinateur portable;Latitude 7400 (PC Stagiaire E);;DELL;G71TYY2;;W11;;License Pleiades;bureau 2030 (armoire) - Réservation GRR;stocke;"Import Excel 26062026 ligne materiels 460 ; disponible_excel=1"
OP_88;Ordinateur portable;Latitude 3510 (PC Stagiaire G);;DELL;9HWLZ93;;;;;bureau 2030 (armoire) - Réservation GRR;stocke;"Import Excel 26062026 ligne materiels 461 ; disponible_excel=1"
OP_89;Ordinateur portable;Elitebook 640 G10 (PC Stagiaire H);;HP;5CD32441T7;;W11;;;bureau 2030 (armoire) - Réservation GRR;stocke;"Import Excel 26062026 ligne materiels 462 ; disponible_excel=1"
OP_90;Ordinateur portable;Precision 5530 (PC Stagiaire I);;DELL;GCV7TT2;;;;compte local uniquement : locie/locie;bureau 2030 (armoire) - Réservation GRR;stocke;"Import Excel 26062026 ligne materiels 463 ; disponible_excel=1"
OP_91;Ordinateur portable;Elitebook 840 G3;;HP;5CG6316SCH;;W10;;Batterie HS;;stocke;"Import Excel 26062026 ligne materiels 464 ; disponible_excel=0"
OP_92;Ordinateur portable;Probook 650 G1;;HP;5CG5172DS7;;;2014;;;stocke;"Import Excel 26062026 ligne materiels 465 ; disponible_excel=0"
OP_93;Ordinateur portable;Probook 650 G2;;HP;5CG6403SJ1;;Ubuntu 20.04;2016;;;stocke;"Import Excel 26062026 ligne materiels 466 ; disponible_excel=0"
OP_94;Ordinateur portable;Precision 5530;;DELL;HQDD6S2;;;2018;Batterie changée en 2023;;stocke;"Import Excel 26062026 ligne materiels 467 ; disponible_excel=0"
OP_95;Ordinateur portable;Precision 3561;;DELL;2R7VJG3;;W11;;Batterie HS;bureau 2030 (armoire);stocke;"Import Excel 26062026 ligne materiels 468 ; disponible_excel=1"
OF_25;Ordinateur fixe;Precision T3610;;DELL;J5H1H32;;W;2013;Comsol;stocké aux Archives;stocke;"Import Excel 26062026 ligne materiels 469 ; disponible_excel=1"
OP_96;Ordinateur portable;EliteBook 8;;HP;5CG5453FCB;201377;W11;2025;;;stocke;"Import Excel 26062026 ligne materiels 470 ; disponible_excel=0"
SA_61;Station d'accueil;HSN-IX02;;HP;5CG541ZGD3;;;2025;;;stocke;"Import Excel 26062026 ligne materiels 471 ; disponible_excel=0"
SA_62;Station d'accueil;K20A;;DELL;JBFRGX2;;;;;;stocke;"Import Excel 26062026 ligne materiels 472 ; disponible_excel=0"
OP_97;Ordinateur portable;HP Elitbook X360 1040 G11;;HP;5CG5264YF5;200889;;;;;stocke;"Import Excel 26062026 ligne materiels 473 ; disponible_excel=0"
OP_98;Ordinateur portable;Thinkpad 9148 G6Intel;;LENOVO;21QTSOTM00;201444;Ubuntu;;;;stocke;"Import Excel 26062026 ligne materiels 474 ; disponible_excel=0"
Ec_85;Ecran;Thinkvision LED 24p;;LENOVO;A2523QPOSL11P76155;201443;;;;;stocke;"Import Excel 26062026 ligne materiels 475 ; disponible_excel=0"
OP_99;Ordinateur portable;Thinkpad P145;;LENOVO;PF-5Y9F6A;201441;;;;;stocke;"Import Excel 26062026 ligne materiels 476 ; disponible_excel=0"
Ec_86;Ecran;Thinkvision LED 24p;;LENOVO;V30FK3MH;201442;;;Stockage armoire bureau 2030;;stocke;"Import Excel 26062026 ligne materiels 477 ; disponible_excel=1"
OP_100;Ordinateur portable;HP Elitbook G11;;HP;5CG5453FCD;201376;;;;;stocke;"Import Excel 26062026 ligne materiels 478 ; disponible_excel=0"
SA_63;Station d'accueil;HSN-IX02;5C-28-86-DB-94-EA;HP;5CG541ZGX1;;;;;;stocke;"Import Excel 26062026 ligne materiels 479 ; disponible_excel=0"
